-5.41111677541508e-12	1.43173692304095e-11	0.999999999999757	-2.2143253739234e-11	-7.97645002487104e-12	-4.88838830229138e-13	-3.2465128338692e-12	8.16077041100453e-12	-6.41984834361633e-13	-4.33306008530387e-12	-6.22788795734463e-13	-4.00507412179109e-14	-6.60225724371339e-11	1.83283863051382e-10	-1.53281250037784	-0.000747812979018832	-8.29651573065583e-05	1.0129596933708e-06	-5.15493963425546e-12	3.58655507712616e-11	-8.71609264187087e-11
-8.03029912470236e-09	-6.86991183540252e-08	1.00000482273774	-3.24506940488538e-05	2.80921072774597e-07	-1.958151624806e-08	-1.01308708799135e-07	4.05008857895854e-06	-4.01399214146468e-06	-0.00122077974134538	1.99961296953448e-05	-5.12054482546556e-06	2.32479280990895e-06	0.000268548631204611	-1.53441024677117	-0.023432426814819	0.000401435442063439	-0.0001391931864979	0.000165492683964049	0.0101040056783638	0.0410888346007723
-9.64451890083398e-09	-1.54187314802995e-08	1.00000513965802	-4.92223806815431e-05	5.33946108029267e-07	-8.10275600546323e-08	-7.17334409096056e-08	8.34148383292263e-06	-1.99012843412967e-05	-0.00157180358569589	2.58363747373313e-05	-6.91315688982787e-06	4.41915361911802e-06	0.000407381257503369	-1.53365798054276	-0.0214949076011773	0.000320896134473758	-0.000110290508974197	0.000213915571458683	0.0130163507260051	0.153724023479013
-6.55805129631296e-09	1.297253614589e-07	1.00000277682301	-5.25712108796815e-05	6.95731065916554e-07	-1.50132241746829e-07	4.19557094048541e-08	1.24730297428059e-05	-1.69821837226118e-05	-0.00123298708020295	1.88477829107775e-05	-5.39076901132108e-06	5.7603835900464e-06	0.000435264313455309	-1.53048148338806	-0.00139077735857027	-0.00021920212911716	6.22707889231919e-05	0.000156283349220602	0.0102259514034817	0.331208750166533
-3.51090984087079e-10	3.33926777380339e-07	0.999999532225707	-4.3603999687914e-05	6.85734527664616e-07	-1.88620267457888e-07	1.91535459730242e-07	1.57725080892607e-05	3.69048204424404e-05	-0.000357422719326262	-1.19309091033261e-07	-4.22262442591675e-07	5.68149668799647e-06	0.000361266638859843	-1.52482794495636	0.0304219498584455	-0.00111204122979367	0.000352439791675723	-6.04009460975661e-07	0.00298574720902413	0.560464178174976
7.30438739352163e-09	5.64332798526177e-07	0.999997249820257	-2.39186741534431e-05	4.29033898090383e-07	-1.59151504418668e-07	3.28216536978203e-07	1.76537619103287e-05	0.000173622614834283	0.000886500438466885	-2.99580805104344e-05	8.05373134259489e-06	3.55815854374503e-06	0.000198365862996535	-1.51665304220398	0.0672978352661733	-0.0022470979178411	0.000733137118532501	-0.000248098250195421	-0.00733220307715808	0.830004738718365
1.46006127433625e-08	7.83890306738931e-07	0.999997723537455	4.23044505680272e-06	-1.34061193702625e-07	-2.83626712868142e-08	4.02631670407192e-07	1.7556699298321e-05	0.000418665952274739	0.00230060284933019	-6.86798399484336e-05	1.98219030691731e-05	-1.11322463877779e-06	-3.51289685027006e-05	-1.50615299043396	0.101943501254967	-0.00348790810750598	0.0011679434017829	-0.000570456626230477	-0.0191086013721357	1.12216541242528
2.01911231583245e-08	9.69252626454071e-07	1.00000278601535	4.04205127658329e-05	-1.10020378671023e-06	2.45802212995913e-07	3.69839488187656e-07	1.49009858563723e-05	0.000813367413237181	0.00377699627066864	-0.000116776225106794	3.54228072399007e-05	-9.15047099208744e-06	-0.000336183238801033	-1.49285572436629	0.129237770419494	-0.00477641920508593	0.00164797275029407	-0.000972814415996299	-0.0314719307988743	1.43757481766675
2.22474343525209e-08	1.08291438928722e-06	1.00001430534454	8.2564532143054e-05	-2.53625954368322e-06	6.99179925564593e-07	1.78762320056428e-07	9.08065546827496e-06	0.00138583044991218	0.00511987517102461	-0.00017244356078123	5.47132775813336e-05	-2.11344091681552e-05	-0.00068801805730672	-1.47690559364985	0.141791022963987	-0.00597774164934275	0.00213781488135301	-0.00144141210251517	-0.0428096384291947	1.75903412308228
1.90972420622579e-08	1.09201643246929e-06	1.00003412580673	0.000129064129896415	-4.51716144949607e-06	1.36911655041542e-06	-2.19397950045679e-07	-4.90537307910012e-07	0.00216792267799695	0.00616081416714316	-0.00023457466864779	7.77546446595671e-05	-3.77246898401547e-05	-0.00107791033274387	-1.45825830412862	0.132956520192764	-0.00698134374941726	0.00261038413274691	-0.00196839625325092	-0.0517213476206225	2.07505567014073
9.3475588343929e-09	9.67835361183437e-07	1.00006338021293	0.000177318728485203	-7.05921850895568e-06	2.27173080534883e-06	-8.57515371254199e-07	-1.40740184920569e-05	0.00316844715234635	0.00672570575179521	-0.000300666693815703	0.000104033059572823	-5.91011714813679e-05	-0.00148463228099176	-1.43732473996407	0.0971447165602306	-0.00766655687903736	0.00303064249850326	-0.00253394838579077	-0.0567321217577438	2.36841106640234
-9.04392499361143e-09	6.72992472841655e-07	1.00010507601479	0.00022772596888022	-1.0339860250298e-05	3.48058332696964e-06	-1.80961677289206e-06	-3.28006112859707e-05	0.00445957362145415	0.0066719890324991	-0.000372328307015493	0.000134681314758217	-8.6815010867936e-05	-0.00191216816014405	-1.41320698508176	0.0263582407014767	-0.0079526937873552	0.00338910834911726	-0.00315339917135931	-0.0566244716512824	2.63977815123657
-3.76243934491997e-08	1.75689311000086e-07	1.00016056738464	0.000277724981852624	-1.43885510112516e-05	5.0172469364993e-06	-3.11418147394005e-06	-5.70244031738458e-05	0.00605525711949843	0.0058144860006678	-0.000447153259158423	0.00016926258701415	-0.000121193667368244	-0.00233948356098732	-1.38626052614315	-0.0856192357512396	-0.00771187383055528	0.00364959054577158	-0.00380761917664877	-0.0497772209661946	2.87147804465371
-7.80662934607418e-08	-5.56936058614479e-07	1.00023169872553	0.000325717126603694	-1.92802257907429e-05	6.9190694945249e-06	-4.82001097827656e-06	-8.73316625474168e-05	0.00798736642907772	0.00398475377863169	-0.000524034138181764	0.000207838162107876	-0.000162967473054996	-0.00275347014263296	-1.3564410919698	-0.245435008753323	-0.00683364243359527	0.00378500017319167	-0.00448821820895542	-0.0346794848899916	3.05202303552358
-1.30818238969991e-07	-1.53487141023656e-06	1.00031835771281	0.00036926187810663	-2.4964086658488e-05	9.17309971612299e-06	-6.92803337429955e-06	-0.00012349952300987	0.0102379225476047	0.00108609745564742	-0.00060030469032952	0.000249576279603547	-0.000211806804735797	-0.00313341502899873	-1.32438822059342	-0.454869894741084	-0.00524819098103441	0.00377025909823321	-0.00517225258718562	-0.0103861737711793	3.16825952725344
-1.21132572024573e-07	-0.000136275894244001	1.00041069207846	0.000352046815196943	-3.12374922004684e-05	1.22216575259365e-05	-1.1533952229035e-05	-0.00182110834091045	0.0124058472286478	-0.023184232117347	-0.000562149096072158	0.000349492379497532	-0.000266126694163821	-0.00299966675805679	-1.28936225965061	-0.826938790578039	-0.00278242660126275	0.00475351450931037	-0.00489294621586911	0.1963706887846	3.33388749522193
-1.56628011438771e-07	-0.000307740949460747	1.00052535279802	1.96793727181334e-05	-3.66844475372809e-05	1.64824693847786e-05	-1.70133665101141e-05	-0.00371474553789325	0.0149413534114055	-0.0543313085108614	-0.000479154443535878	0.00046815251770959	-0.000313909618260812	-0.000168403484968524	-1.25290251437957	-1.19740567943071	-0.000423858446687265	0.00603551105693705	-0.00422946561077907	0.464848751507617	3.52668904657374
-2.73960577907374e-07	-0.0004536304982047	1.00067167793734	-0.000618683053044514	-4.11810703077251e-05	2.17737748476005e-05	-2.23557069062926e-05	-0.00503070366924699	0.0180193047222054	-0.0830269878075046	-0.000401371999863318	0.000580023898655266	-0.000354033504022054	0.00531706950474173	-1.21581513741192	-1.504088054297	0.0016116930671489	0.00711635506802376	-0.00360511482987115	0.715840390938647	3.70309852342198
-4.74332710977569e-07	-0.000578656733220336	1.00086100191921	-0.0015683370715194	-4.49449883903423e-05	2.82660165416239e-05	-2.77653306887398e-05	-0.00584110350957688	0.0217620135884578	-0.110436115477005	-0.000325595053173416	0.000689671363937567	-0.000388407921270552	0.0135399815027947	-1.17666370579348	-1.76195032319054	0.00342000763270134	0.00804785734968831	-0.00299450149593041	0.95950421761121	3.87035176015604
-7.526239877794e-07	-0.000678323932724423	1.00109619404439	-0.00279860962871898	-4.79097022480076e-05	3.58173738833307e-05	-3.3118922706075e-05	-0.00613176517656376	0.0261099896047427	-0.135945841176437	-0.00025341862121251	0.000794760502895806	-0.00041642524285298	0.0242744312906768	-1.13627053836379	-1.96659251119149	0.00496934827880063	0.00881382582021659	-0.00241076519114599	1.19043018536154	4.02478793444016
-1.10524519035406e-06	-0.000751352657899504	1.00138273197354	-0.00428860946749314	-5.01092882554058e-05	4.43823334116563e-05	-3.84025320960392e-05	-0.0059210275289061	0.031060279455198	-0.159548349195481	-0.000184812765496985	0.000895286817149929	-0.000438375511623536	0.037376656629926	-1.09471661053123	-2.12046308930877	0.00627236626915543	0.00942196184971092	-0.00185403294114335	1.40840294802419	4.16652242845079
-1.51948117872913e-06	-0.00079583820364505	1.00171864432266	-0.00598070007459574	-5.15552781077528e-05	5.37156838602579e-05	-4.34991108254257e-05	-0.0052456421887657	0.0364931828934654	-0.180820567634675	-0.000121014940183792	0.000989370645546474	-0.000454285636735297	0.052373911482651	-1.05294637173837	-2.22434954926081	0.0073224635255447	0.00987220408562224	-0.00133476165747436	1.60918851991673	4.29324778816136
-2.00869566656912e-06	-0.000812343356275251	1.00212301824052	-0.00792335262570522	-5.23403492591616e-05	6.41534259809768e-05	-4.86029776336747e-05	-0.00409617323830571	0.0426274299034742	-0.200623435434717	-5.93910186950448e-05	0.00108084860764054	-0.000465103376427814	0.0697321921384784	-1.0093362186885	-2.28490970870025	0.00817491993788909	0.0101905335237435	-0.000831869803988751	1.80067507234124	4.41033093374674
-2.5615431270307e-06	-0.000798396920620352	1.00259506304492	-0.0100634702047257	-5.24618504449868e-05	7.54691264332058e-05	-5.35952840330644e-05	-0.00249996030887487	0.0493551889747386	-0.218495792377944	-1.2484477316736e-06	0.0011677503384998	-0.00047075298401851	0.0890162695959721	-0.964810624905073	-2.30199544155234	0.00881854891615215	0.0103739829288846	-0.000356336677443265	1.97827287845647	4.51529265133918
-3.17443434215508e-06	-0.000752719457862895	1.00314025639655	-0.012380161554507	-5.1953858039913e-05	8.76172717558805e-05	-5.84620791613357e-05	-0.000475342259171649	0.0566735067913966	-0.234429822754036	5.34427111899351e-05	0.00125007133974423	-0.000471542484706581	0.110072004590489	-0.919451902501612	-2.27805521913355	0.00926586025148876	0.0104302536711479	9.17452887120635e-05	2.14158413398798	4.60840022925757
-3.82985561424637e-06	-0.000675941948856214	1.00375078162025	-0.0148016781958214	-5.08782112020842e-05	0.000100286123864087	-6.30963443110591e-05	0.00190669256583628	0.0644154888967176	-0.24815735405812	0.000103720822536227	0.00132629801537506	-0.000467899101892772	0.132273400593105	-0.874270897256109	-2.21715523250663	0.00952580341766734	0.0103694482277339	0.000504169195018769	2.28735392161156	4.68843547574568
-4.55105247828914e-06	-0.00056365729633928	1.00445698194514	-0.0174063723838219	-4.92242694352772e-05	0.000113948347389992	-6.76734461879037e-05	0.00472550821438902	0.0728944879598812	-0.260230146403685	0.000151666000841833	0.00139953521146087	-0.000459974800903791	0.156368436232171	-0.827502590103823	-2.11920168258282	0.00962114417035748	0.0101966090427242	0.000897714943906926	2.42106935499297	4.75898565159792
-5.32159614384349e-06	-0.000415828502763694	1.00525265589981	-0.0201253780889196	-4.70423919622549e-05	0.000128307371931235	-7.20834590121417e-05	0.00791807364754046	0.0819552439955234	-0.27034131900569	0.000196248992825681	0.00146817827140117	-0.000448106496202413	0.181753798664152	-0.780141561674251	-1.9875193615803	0.00955723332983988	0.00991954360289052	0.00126368918526844	2.53912270039014	4.81866470781617
-6.1378973929506e-06	-0.000231176129311997	1.00614328114496	-0.0229378040539644	-4.43666551577019e-05	0.00014331768402675	-7.63124319215141e-05	0.0114660500065921	0.0915948036877824	-0.278483056153813	0.000237499736971386	0.00153222269681589	-0.000432596011739084	0.208259754061854	-0.732265830620978	-1.82455674110917	0.00934643412520504	0.00954595327833526	0.0016021194462884	2.64100254712741	4.86785702311124
-6.97879974403028e-06	-1.32655020841729e-05	1.00711347319703	-0.025764473684448	-4.12982176995956e-05	0.000158615692520235	-8.02677778105393e-05	0.0152701480939149	0.101600165198938	-0.284544082178284	0.000274722035231108	0.0015905212367904	-0.000414148712389628	0.23515480843456	-0.68492184108484	-1.63687025611084	0.00900924332719142	0.00909362485275437	0.00190712892670392	2.7246464689486	4.90628558492858
-7.87510932317389e-06	0.000248067828379325	1.00820824992573	-0.0287002395423831	-3.77452038325087e-05	0.000174781237862184	-8.40971590077157e-05	0.0194677084309403	0.112376986788014	-0.288763480362161	0.000309463571767817	0.00164544755746857	-0.000392295639974619	0.263361070027297	-0.636250090873443	-1.4191980232341	0.00854394012210598	0.00855164162600287	0.00219126785463792	2.79292794582717	4.9359359364417
-8.80648919228276e-06	0.000550047676013648	1.00941432942882	-0.0316671764573971	-3.3799781970661e-05	0.00019146256713309	-8.77038704454455e-05	0.0239661040780665	0.123723953323985	-0.290989654343495	0.000340961268914886	0.00169576068669156	-0.000367662506752456	0.292154950433357	-0.587284785546675	-1.17753607003605	0.00796833970260049	0.00793606560981053	0.0024481897168308	2.84341374034908	4.95636701980647
-9.74980119039723e-06	0.000886651245975103	1.01070953958657	-0.0345848694446433	-2.95854639175811e-05	0.000208266729432371	-9.10089926129897e-05	0.0286486790461004	0.13539420974556	-0.291230215112302	0.000368711148446533	0.00174058812768701	-0.000341088350633188	0.320761344407496	-0.539081407181612	-0.919796591714438	0.00730903029983955	0.00726883700562757	0.00267376620254214	2.87508528611796	4.96788688498925
-1.07400094012178e-05	0.00127286205858269	1.01215209437685	-0.0375518667542768	-2.49638497661213e-05	0.000225834716895772	-9.41337880140844e-05	0.0336884410785109	0.147861011005173	-0.289487928238561	0.000393876303152973	0.00178175660416583	-0.000311747380635586	0.350157747392223	-0.489738912936327	-0.637873467454779	0.00655109942951145	0.00653031390151403	0.00287745750665629	2.88868495122465	4.97142746192731
-1.17545830953453e-05	0.00170352203517845	1.01372224786645	-0.0404877703287907	-2.00514749056256e-05	0.000243782727105123	-9.6994394957264e-05	0.0389743125933948	0.16088901386165	-0.285729623490869	0.000415887646396551	0.00181829963532125	-0.000280407736578062	0.379565467686936	-0.440303995407001	-0.339263182386007	0.00571917471194649	0.00574116685353832	0.00305467938306321	2.88281091657464	4.96713852212236
-1.2789933054821e-05	0.00217991061457984	1.01542547771604	-0.0433716889110349	-1.48824157107784e-05	0.000262065246599358	-9.95768625802692e-05	0.0444879547320534	0.174475264999129	-0.279947485158906	0.000434775116660881	0.00185021272277323	-0.000247307223961138	0.408781214246603	-0.390839180130088	-0.0264142085979657	0.00482535075664053	0.00490909723180277	0.00320576962888651	2.8568993879388	4.95549465252334
-1.38212780556789e-05	0.00269238428529415	1.01722907420756	-0.046127332775527	-9.60048836551156e-06	0.000280262864468569	-0.000101824296903875	0.0500946886575718	0.188328716926404	-0.272309345063168	0.000450282023547554	0.00187698990218136	-0.000213375663731975	0.437025439530254	-0.342392523830314	0.291635205547425	0.00390095525116998	0.0040594395767054	0.00332884263314501	2.81152169578714	4.93740089144944
-1.48871765740264e-05	0.00326309791402215	1.01921197948655	-0.0488466644168094	-4.02371297426732e-06	0.000299073455094036	-0.000103814838737514	0.0560052339695158	0.203011668451593	-0.262496648559586	0.000463072102775257	0.00189972173122815	-0.000177434932107525	0.465241638019449	-0.293043309736234	0.625453626983204	0.00292009541158713	0.00316510309362387	0.00342934006696586	2.74429313233908	4.91257914607025
-1.59631544045708e-05	0.00388335325951188	1.0213442862081	-0.0514517488121584	1.70818886664468e-06	0.00031808291114928	-0.00010548566346949	0.062088894569561	0.218244066484869	-0.250636825295308	0.000472827534743717	0.00191781021004082	-0.000140356575353636	0.492630632305984	-0.243836053680294	0.966213550699089	0.00191314403278633	0.00225079644483634	0.00350493560927694	2.6553892879958	4.88178351500884
-1.70456223293534e-05	0.00455442976058079	1.02363147203288	-0.053921694704424	7.56114078253981e-06	0.000337245719173235	-0.000106822820237545	0.0683273315990088	0.234022957710371	-0.236722059560012	0.000479578257936549	0.00193125084023932	-0.000102318598180341	0.518969658470368	-0.194823916118077	1.31146650435042	0.000892035007742847	0.00132422100044514	0.00355609929446101	2.5442832828754	4.84545026120062
-1.81092785692136e-05	0.00526262325179219	1.02602845310712	-0.0561910007709543	1.33816348870813e-05	0.000356130189104676	-0.000107796072473989	0.0745734876535333	0.250013620494922	-0.221084398143622	0.000483307716786313	0.00193990908427424	-6.42661414059923e-05	0.543544116170466	-0.147030673786894	1.65181388322806	-0.000110926268346862	0.000411695838297193	0.00358300619205499	2.4133661688194	4.8048703683947
-1.91940074165211e-05	0.0060381084194023	1.02863848534586	-0.058331709848142	1.93737375051173e-05	0.000375462363870701	-0.000108431352782966	0.0810642941523137	0.266865936195085	-0.203077476425183	0.000484197002553291	0.00194413300306901	-2.47884583573863e-05	0.567128642491827	-0.0985543358688457	1.99873918525158	-0.00112501871006285	-0.000516449803339952	0.00358723864725602	2.2568038691198	4.75876677790095
-2.02745294049155e-05	0.0068682278565477	1.0314197217704	-0.0602750181685826	2.53853323134529e-05	0.000394812246750328	-0.000108691387346533	0.0876552217448231	0.284255943314559	-0.182992319059299	0.000482170805264646	0.00194369566671893	1.52166914520208e-05	0.588972285794593	-0.0504210218397674	2.34286033003338	-0.00211794779909039	-0.00143391183252692	0.00356851014114422	2.07656760033522	4.70827252556239
-2.13472553164379e-05	0.00775426100204583	1.03437764004142	-0.0620000344751259	3.13823429374034e-05	0.000414134324282494	-0.000108562225302431	0.094327931572363	0.302180688537482	-0.160821110335651	0.000477259063403992	0.00193859257684395	5.56374085784798e-05	0.608834706373421	-0.00267787505102746	2.68172884498833	-0.00307794556851787	-0.00233298887916139	0.00352730707451467	1.87220299244809	4.65370242944594
-2.23875081246412e-05	0.00867803748358565	1.03745304267577	-0.063458703355729	3.72124464831094e-05	0.000432999154080139	-0.000108044720852582	0.100928845741042	0.320262746101611	-0.137062500380376	0.000469675652369948	0.00192906182047268	9.55604207012883e-05	0.626143028171053	0.0436871205049734	3.00636707212451	-0.003975508998235	-0.00318883472581116	0.00346557746069046	1.64810669291836	4.59653090780052
-2.34342080827669e-05	0.00967855992989125	1.04077696877455	-0.0646898462243711	4.30800465011836e-05	0.000452131899981438	-0.000107103752952579	0.107709389012289	0.339237612892538	-0.11073764511917	0.000459138570942408	0.00191470680478006	0.000136536417149463	0.641358167258607	0.0905204130827002	3.327611349673	-0.00483574820045859	-0.00402878702180127	0.00338121382745881	1.39471635384856	4.53463712956759
-2.44624142504442e-05	0.010738812181454	1.04429391137313	-0.0656404215741596	4.88315002639501e-05	0.00047110119066394	-0.00010573198939053	0.114517061504566	0.358738443007608	-0.0823033380666633	0.00044580502641467	0.00189567239044723	0.000177687345489263	0.653853255949761	0.136824462972429	3.63630529413065	-0.00562823447067553	-0.00482740021097529	0.00327565272024118	1.11598453157356	4.46931494876386
-2.54486546597093e-05	0.0118370409493563	1.0479330545588	-0.066279649965675	5.43223987094496e-05	0.000489488647833284	-0.000103956267376892	0.121197225025467	0.378356686745371	-0.0523836456479796	0.000430053948527164	0.00187247449077211	0.000218134208344963	0.663214218853917	0.181642726025988	3.92428941106387	-0.00632796116255626	-0.00556251210031635	0.00315195667300658	0.817900807375906	4.40206917082904
-2.6429658550988e-05	0.0130193205787204	1.05184829024605	-0.0666131282881773	5.97433800086716e-05	0.000508000064102158	-0.000101690459642908	0.12800450777912	0.398890106066411	-0.0197499918648993	0.00041127228900167	0.0018441625381824	0.000259487866669771	0.669570573635173	0.226755739044734	4.20091315855642	-0.00695214179371679	-0.00625656292055473	0.00300533600397241	0.487983224037058	4.33018545701364
-2.73814742651489e-05	0.0142651395005492	1.05597285518862	-0.0666038006017157	6.49466785010137e-05	0.000526212410215247	-9.89523067582059e-05	0.134784271324377	0.419940661431146	0.0150162956960143	0.000389783521279447	0.00181115802126997	0.000300893378308447	0.672440492410674	0.27119070518434	4.45769113203129	-0.00747414593008816	-0.00688632781738116	0.00283828239557523	0.131761136156459	4.25495763733923
-2.83005125842333e-05	0.0155757771536604	1.06031222704719	-0.0662307756491399	6.98982178117915e-05	0.000544080172711487	-9.57278578605261e-05	0.141518176802539	0.441505399523716	0.0519230327450822	0.000365617583844111	0.00177345644165477	0.000342328434944954	0.671561979286751	0.314892235152403	4.69217485851774	-0.00788250837423136	-0.00744410542069332	0.00265087546169716	-0.251025224317842	4.17625835097283
-2.91658941549507e-05	0.016924349756358	1.06477858838383	-0.0654920529250331	7.44734985398579e-05	0.000561212224389331	-9.20824385605444e-05	0.148055205312046	0.463135064518642	0.0901767126832126	0.000339365357712869	0.00173194554450569	0.000382947420758181	0.666808414004995	0.356950492703538	4.89796826144389	-0.00816138525067094	-0.00791342767131627	0.00244743288835415	-0.652154580413916	4.09555580290357
-3.00094363065135e-05	0.0183671139355775	1.0695594751125	-0.0643372013781986	7.88259553874404e-05	0.000578263346555642	-8.78538806658473e-05	0.154644185833977	0.485709246227077	0.131344925856515	0.000309986572431055	0.00168492980024018	0.000424395889730238	0.657727843598691	0.399019299758249	5.08108043634339	-0.00831106081501108	-0.00830593240594732	0.00221950979466099	-1.08816711722786	4.00925328210279
-3.08095041098485e-05	0.0198785099600353	1.07457149383975	-0.0627563903115864	8.28250951687748e-05	0.000594834241249994	-8.30974489766845e-05	0.161132652953138	0.508788808890432	0.174676881694397	0.000278019843156132	0.00163320358674122	0.000465832428871935	0.644109336244466	0.440161602607084	5.2346011752712	-0.00831319200982495	-0.00860349743901023	0.0019707571690544	-1.55129810489583	3.91854870890668
-3.15625083469969e-05	0.0214598172685489	1.07982012222624	-0.0607287284680464	8.64368415091767e-05	0.000610879395011324	-7.77991926307968e-05	0.167502267810833	0.532370799192845	0.220180395907181	0.000243495108371714	0.00157676240562876	0.000507242084360578	0.62568662575715	0.480300011056862	5.35608200505623	-0.00815649404812562	-0.00879842140040272	0.00170073202045846	-2.04165073732482	3.82292438263933
-3.22513271120028e-05	0.0230785664574885	1.08519863985375	-0.0582879041138042	8.95676190656164e-05	0.000626049649154024	-7.20677227361542e-05	0.173611491093485	0.555965807235268	0.266888431351503	0.000207207700133556	0.00151687079049897	0.000547777230876879	0.602714423134834	0.518579225414745	5.44168483687329	-0.00783798470104253	-0.00888243098580144	0.00141488393724744	-2.54866350259886	3.72383161583124
-3.29005475452827e-05	0.0248020839093251	1.09093195409489	-0.0553137658018893	9.23117174485668e-05	0.000640919458196263	-6.56554067235377e-05	0.179691647290996	0.580533965240498	0.316715019500046	0.000167706071113435	0.00145107999173766	0.000589062471211398	0.573994436496128	0.556468656591077	5.49249700928318	-0.00733366285514996	-0.00885138541441277	0.00110078054864077	-3.09303526278945	3.61648985089962
-3.34920074592248e-05	0.0265993257591736	1.09691820307785	-0.0518305144593829	9.45668645059009e-05	0.00065512788245037	-5.86596882727081e-05	0.185598295891365	0.605595749111871	0.368736459199915	0.000125735662303825	0.00138056081883217	0.000630226291539081	0.539680408297204	0.593071057703215	5.50397208299197	-0.0066371547436232	-0.0086947463632998	0.00076307331210255	-3.66464127793781	3.50199234634559
-3.40221176358703e-05	0.0284715714458514	1.1031628644633	-0.0478172588291349	9.62989838629342e-05	0.000668629408455281	-5.10666165214063e-05	0.191313098035896	0.631148205533524	0.422960566161432	8.13264121883381e-05	0.00130530877340245	0.000671207363198584	0.499510782538462	0.628269895405726	5.47366158464304	-0.00573736131950298	-0.00840481246236022	0.000400605889366691	-4.26337174868187	3.37933832031164
-3.44786596849306e-05	0.0303803574079159	1.10953856578831	-0.0433500467080847	9.74563051158762e-05	0.000681131378883036	-4.30325427058598e-05	0.196709849755169	0.656662713552139	0.47824427707307	3.54685442445568e-05	0.00122696661384361	0.000711111842222418	0.454215570906398	0.661278661970206	5.40106723186613	-0.00464773499117602	-0.00798396427619571	2.0060432598018e-05	-4.87626901305538	3.25013196966198
-3.48766984213606e-05	0.0324048968551313	1.11631108401296	-0.0382256647353456	9.80522110212018e-05	0.000693098855779694	-3.42154606181176e-05	0.201990659535562	0.683178061763562	0.536853055781872	-1.36816464958591e-05	0.0011423294977665	0.000751459983522937	0.401692017566404	0.69330272475506	5.28079096889174	-0.00331284442230745	-0.00740736417837492	-0.000395644561012203	-5.52811910601838	3.10784649290074
-3.52026904673428e-05	0.0345082532531321	1.12335833972268	-0.0325090162212015	9.80235313415429e-05	0.000704223790572047	-2.47594474484151e-05	0.207024967524442	0.71017528075235	0.597687794928746	-6.51814528221444e-05	0.00105294610263448	0.000791295246100959	0.342554865161783	0.72349433684515	5.1114319437706	-0.00174187293005366	-0.00667451682267368	-0.000840780108690287	-6.20634542531071	2.95361162469149
-3.54488082672634e-05	0.0366472392982105	1.13053646394576	-0.0263119848597717	9.73566497483575e-05	0.000714264980645058	-1.48592553010454e-05	0.21170177505169	0.737097194011713	0.659472875194573	-0.000117901881407043	0.00096074146156842	0.000829667558891584	0.277949238879483	0.751135140854657	4.89548328678256	3.72228051818295e-05	-0.00579732266706125	-0.00130748605299291	-6.89619452461149	2.78936885767573
-3.56215674417078e-05	0.0389104195134644	1.13814383061852	-0.019361081916853	9.59908331090269e-05	0.000723587508755499	-4.09706967825709e-06	0.216193937375089	0.765039757062246	0.72473784825309	-0.000173965377412944	0.000861947639645151	0.000867931603515513	0.205005225594563	0.777162834078146	4.62172268858294	0.00210773955858841	-0.00473240353377119	-0.00181698411034941	-7.62531802296148	2.60674021498732
-3.57115847786099e-05	0.0412562291496597	1.14604225710262	-0.011755660691126	9.38988901469008e-05	0.000731931873808421	7.34561778805289e-06	0.220384951799221	0.793455390603306	0.792252070993323	-0.000232289278349439	0.000758394134399835	0.00090503717251461	0.124743166162679	0.800779497014826	4.29158336982518	0.00444669610983328	-0.00348828860979509	-0.00236249383945916	-8.37927483079578	2.40708750197324
-3.57982730221964e-05	0.0437313414307795	1.15421901459332	-0.00217239749841385	9.170055834493e-05	0.000739169243373534	1.9397956208888e-05	0.223504112079474	0.822210437237866	0.86935656175855	-0.000276435356864431	0.000680067904445036	0.000957932727694409	0.0230987714003071	0.82250192462995	3.84206492156557	0.00602579038788522	-0.00192797492678318	-0.00276087217877835	-9.2387558458575	2.1737694547023
-3.59962943680458e-05	0.046283690360625	1.16245505606476	0.0119872102856553	9.13106402204993e-05	0.000745815915192542	3.18231716721895e-05	0.222463712162414	0.850149318348085	0.957627501258592	-0.00026195384544674	0.000720458436567716	0.0010679925041302	-0.127706956396039	0.843154225136383	3.0633068993402	0.00367836682257601	-9.89239332243466e-08	-0.00249935907234012	-10.2255805004539	1.8653905252902
-3.58993901564982e-05	0.0487427522786086	1.17116247443863	0.0253120460636408	9.00465305189146e-05	0.000753089061006374	4.55438644360888e-05	0.219792736342789	0.878805494594166	1.01944024457857	-0.0002575502121205	0.000761951341357056	0.00116426559085865	-0.270143854065288	0.860293351755608	2.15268824553369	0.00156371069302343	0.00166503290749658	-0.00234432506836557	-10.9236615468582	1.5390094608311
-3.55163129713005e-05	0.0510586766022138	1.18017501667616	0.0375129561768819	8.79391654918105e-05	0.000760832741603115	6.0158320558367e-05	0.215616585143195	0.907593835252281	1.05449804083789	-0.000262874505695891	0.000803483994308461	0.001244610999426	-0.400973502930941	0.873941465734056	1.14215722034996	-0.000282609281259213	0.00304203895621059	-0.0022955819705601	-11.3276568819499	1.21484425726148
-3.4862948622926e-05	0.0532351762425089	1.18949148243424	0.0486010319173712	8.50203808818671e-05	0.000769021593034282	7.55068785074383e-05	0.210056325515312	0.936497806864487	1.0645999869929	-0.000277172494135416	0.000844813556282827	0.00130928003119782	-0.520174625499987	0.884543504702142	0.0490485352427319	-0.00187565958774819	0.0041480137574393	-0.00234629611998886	-11.4563221789585	0.904147949311058
-3.39758420567831e-05	0.0552365138209521	1.19891519742478	0.0583988423391268	8.14037578644078e-05	0.000777453941120196	9.11065376629508e-05	0.203381657282798	0.964919904000175	1.05203197592599	-0.00029916020805049	0.000884885597944422	0.00135767906408074	-0.625716498130536	0.892367632757519	-1.08557691200078	-0.00320554070195452	0.00498550258839948	-0.00248575158490299	-11.3340236808949	0.620981012939494
-3.28343954581074e-05	0.0571480214141012	1.20882963751697	0.0673171516223792	7.69729501054407e-05	0.000786449039443528	0.000107437025302717	0.195439148033577	0.994003957036298	1.0180492373805	-0.000328993748429512	0.000925096866538492	0.00139199318934254	-0.721928022255586	0.898089205192262	-2.29098546684559	-0.00434086923523488	0.00560548804706045	-0.00271273103363584	-10.9751668640427	0.359780589300254
-3.14702002478811e-05	0.0589312754104408	1.21904418549117	0.0751565462479783	7.18262045027184e-05	0.000795813395823166	0.000124025388500327	0.186474292251063	1.02315429504448	0.964490016512552	-0.000365546975375766	0.000964381762817986	0.00141128164566289	-0.806583660804498	0.901845188035825	-3.52726475634165	-0.00526655822353818	0.00600558230580825	-0.00301815273122112	-10.3998638879994	0.130412638299717
-2.98991073130349e-05	0.0605899650484753	1.22955770130875	0.0819279051527628	6.5995231941298e-05	0.000805521704841208	0.000140711913486239	0.176608028187577	1.05235438721475	0.893150605314836	-0.00040806653000207	0.00100249709977109	0.00141571505020951	-0.879737050376434	0.903916097949498	-4.77707498276123	-0.005996558640604	0.00620284635088763	-0.0033948605225924	-9.6282949359799	-0.0653067388717071
-2.81741325879984e-05	0.0620982761710141	1.24014968500671	0.0875389046383091	5.96481082766556e-05	0.000815344909276079	0.000157005960182213	0.166181756475045	1.08100278185746	0.807731866136428	-0.000454793808503722	0.00103848193885204	0.0014058055145844	-0.940341771372127	0.904543573830344	-5.99829682085497	-0.00653537301219663	0.00621597088560283	-0.00382617609602989	-8.70143621894423	-0.224473481079094
-2.62404643225252e-05	0.0635214011824731	1.25125134482358	0.0922292555137464	5.25569631242381e-05	0.000825659058929686	0.000173415424209084	0.154888913431285	1.1102525345002	0.706514737299099	-0.00050689477655527	0.00107356572029933	0.00138128026666717	-0.990950337784801	0.903951710249444	-7.22371274554514	-0.00691805125283753	0.00606227786210733	-0.00432251821000516	-7.60147219043504	-0.355127888794576
-2.41474350178688e-05	0.0648311376194868	1.26264813790008	0.0958855512956488	4.48770871730792e-05	0.000836241250506333	0.000189446975976233	0.143056364284	1.13950270841912	0.592896193873132	-0.000562708412400974	0.00110675698144712	0.00134232520405696	-1.0303114949158	0.902278629743483	-8.4109690168295	-0.0071448756179602	0.00575689132987158	-0.00486825669320139	-6.36610321764251	-0.456620692546961
-2.19569672704186e-05	0.0660082425746957	1.2741021993938	0.0984760971552125	3.68102880951055e-05	0.000846847404175421	0.0002046371800417	0.131053600125445	1.16815233676046	0.471252859680036	-0.000620280453608671	0.00113721385802053	0.0012902538378609	-1.05807241944623	0.899712438846747	-9.52073068542747	-0.00722810088747192	0.00532691929386664	-0.00544375574751399	-5.04371318493996	-0.531696855224549
-1.9595350007141e-05	0.0671044605804913	1.28607974101113	0.100117963210462	2.80588731339932e-05	0.000857885358114722	0.00021944909751053	0.118510056704065	1.19735452365496	0.338394981377993	-0.000681217135739943	0.00116594131246909	0.00122304552005638	-1.07548192958062	0.896238320770896	-10.5812529659751	-0.00718325082987898	0.00477169387189071	-0.00606495581750162	-3.60039678632879	-0.588309781062651
-1.71217926766543e-05	0.0680983856143989	1.29834878760537	0.100759030033395	1.88138036615053e-05	0.000869115637505104	0.000233406810192932	0.105788098407019	1.2265078039195	0.198505299927319	-0.000743615630449621	0.00119205203375999	0.00114171240676484	-1.08198214310808	0.891955727315198	-11.5519032869277	-0.00701915647824307	0.00411580094091312	-0.00671269613566844	-2.08237934915922	-0.630343735652016
-1.45522499978983e-05	0.0689937762352312	1.31090802379052	0.100410795058519	9.10715802584169e-06	0.000880512763099538	0.000246350732040858	0.0930090555300196	1.25559563656574	0.0533885255169614	-0.000806719929162041	0.00121530380882456	0.00104635316170263	-1.07770684698555	0.88688752203082	-12.4153540197721	-0.00674749360401107	0.00337640150830618	-0.00737896854490458	-0.509994913257147	-0.663939577554515
-1.19563203818445e-05	0.0697792583525562	1.32349641897992	0.0991205451356318	-8.22382856708763e-07	0.000891819314545519	0.000257898217155134	0.0805470802324872	1.28402226493613	-0.092159910610706	-0.0008685187785289	0.00123508278293041	0.000939387043080642	-1.06319631953643	0.881149071300719	-13.1408126201428	-0.00638784127695835	0.00258728429622528	-0.00804199143222138	1.06414113393826	-0.694850528935621
-9.24371084422442e-06	0.0704905665007564	1.33662655287791	0.096846712071164	-1.13486700468683e-05	0.000903471772672495	0.00026836350734781	0.0680127754950035	1.31293168619822	-0.242307834299503	-0.000930791576140236	0.00125195756937275	0.000816551556707305	-1.03800235746748	0.874465968554313	-13.7408342730359	-0.00593643087704731	0.00173309214897536	-0.0087205411215945	2.68435378640111	-0.730699895662385
-6.48257644739729e-06	0.0711144687405532	1.35004315710921	0.0936171474769771	-2.22412941965592e-05	0.000915215293210035	0.000277338932292006	0.0557827688318847	1.34172634222779	-0.392310519141902	-0.000991518644064412	0.00126524993804088	0.000680007432196197	-1.00246886158115	0.866876779881027	-14.1819668214788	-0.00541054744848167	0.000846455871753716	-0.00939249558015512	4.29854911891926	-0.777189235955591
-3.68884111487218e-06	0.0716546852883485	1.36374503440939	0.0894429498322402	-3.34683488527957e-05	0.000927024451643032	0.000284664405731945	0.043978431860229	1.37038965641792	-0.540364432963019	-0.00104994385961081	0.00127471637607073	0.000529885846930182	-0.95675528129201	0.858282297206209	-14.4468295032147	-0.00482087204717682	-5.54885706120341e-05	-0.0100489227098221	5.88648800340573	-0.840317762923474
-9.34709383313733e-07	0.0721065294632875	1.3774483584828	0.0844468905530071	-4.47644272940772e-05	0.000938636580947956	0.000290089115743282	0.0329399102591542	1.39833636629892	-0.681829748569803	-0.00110423985639065	0.00128004873558946	0.000369746957676715	-0.902245198714369	0.848763171323544	-14.5187140226175	-0.00419129585057147	-0.000937728083124097	-0.0106682927906463	7.39771731400119	-0.92360266580883
1.87657170831834e-06	0.0724920994970367	1.3917112826678	0.0784359264557402	-5.6559226049352e-05	0.000950500642083384	0.000293676960171039	0.0223360438406243	1.42669084474518	-0.82070662607172	-0.00115587902344931	0.00128122500307407	0.000193230116699002	-0.836885746672967	0.837781658235443	-14.3834525376471	-0.00350642298227097	-0.00181941906503563	-0.0112665579557623	8.87404749482786	-1.03513565504369
4.67298599322453e-06	0.0728051391360939	1.40625566680533	0.0715142088039127	-6.85931127852342e-05	0.000962354541257215	0.000295139358275655	0.0125190626248218	1.45486471071876	-0.952263440452586	-0.00120296573023563	0.00127785318425535	3.68512144031145e-06	-0.761877902925967	0.825345096501733	-14.020293651371	-0.0027890858045345	-0.0026653545592159	-0.0118210469096047	10.2639637792513	-1.177343291707
7.38368841099468e-06	0.0730451245429922	1.42078112872485	0.0638578616744067	-8.05875543524078e-05	0.000973936981781055	0.000294355650589809	0.00377904308988068	1.48228385181038	-1.07234659793427	-0.00124396391789171	0.00126990063031791	-0.000194473404681737	-0.679193734712649	0.811554518274459	-13.4264909920611	-0.00206473810608539	-0.0034431491131067	-0.0123122837022677	11.5228355272397	-1.3492081086931
1.0103669798271e-05	0.0732255499375644	1.43587920914931	0.055165805702991	-9.30006111308015e-05	0.000985695721422988	0.000291137624843886	-0.00412184392344803	1.51005121778245	-1.18408809860432	-0.00127980602114576	0.00125680584711809	-0.000409044899664611	-0.585663171576801	0.795632318452403	-12.5608446541924	-0.00131430373679665	-0.0041677192559056	-0.0127501992268482	12.6824071393822	-1.55933731012694
1.27613017235846e-05	0.0733445536000069	1.45125512162769	0.045596278659843	-0.00010555756078726	0.000997368484387645	0.000285317205017963	-0.0108740723879665	1.53758857622945	-1.28313283834572	-0.00130884181161902	0.00123843774469347	-0.000635782286028371	-0.48309106729093	0.777604365295657	-11.4155175218287	-0.000563247738488196	-0.00480544118186637	-0.0131136184379415	13.6959363546839	-1.80483351709835
1.53406792698049e-05	0.0734058918901217	1.46690751943621	0.0351608576262527	-0.000118226391379311	0.00100892986925744	0.000276735551051333	-0.0163567752199904	1.56487945850791	-1.36768244723226	-0.00133031812304685	0.00121455540798059	-0.00087429834890685	-0.371706622146247	0.757215437921522	-9.9732626034223	0.000177264034342027	-0.00533920992892297	-0.0133917791539028	14.5437971879074	-2.08443184080478
1.77771775127897e-05	0.0734136429726547	1.482513975228	0.0241047162941592	-0.00013071961166261	0.00102012742906816	0.000265491961770895	-0.0203809487174336	1.59136938363217	-1.43473685801613	-0.00134330070168849	0.0011855655395691	-0.00111905331277548	-0.254227075855882	0.734681654317717	-8.25498642249336	0.000881593256912547	-0.0057449076630759	-0.0135710635733557	15.1952269248098	-2.38872345405717
2.01546065264369e-05	0.0733718083646513	1.49871019412806	0.0119878655386228	-0.00014351570221463	0.00103139323211087	0.000250971114803069	-0.0229919256490876	1.61812336171841	-1.48526408075905	-0.00134757845897466	0.00115004751899205	-0.00137954972604104	-0.126105523284713	0.708802603520981	-6.17357348759637	0.0015666484030332	-0.00602227249685072	-0.0136478661180273	15.6581186340301	-2.72551857968211
2.24062832746717e-05	0.0732834228403416	1.51517926100447	-0.000961559020875028	-0.000156328440174393	0.00104247181762553	0.000233211990926324	-0.0239715073196629	1.64458145758465	-1.51591791552856	-0.0013420422746012	0.00110828992535137	-0.00165035436770196	0.010084765836057	0.679712386868013	-3.74343897145609	0.0022051425986855	-0.00614457561324095	-0.013606271842488	15.8985924505953	-3.08234740420201
2.45163033618756e-05	0.0731522315246584	1.53191987049034	-0.0147321153493102	-0.000169125853958682	0.00105333778701206	0.000212055466399685	-0.0231987321328506	1.67072717898455	-1.52489922734714	-0.00132593844463782	0.00106005121979281	-0.00193084936225984	0.154064441588507	0.647102594853417	-0.947305500801244	0.00278373373950261	-0.0060947097225615	-0.0134350263750009	15.8986485708146	-3.45064597352072
2.64313376769762e-05	0.0729857331783239	1.54858791534273	-0.0290130644578868	-0.00018162164871226	0.00106375564619171	0.000187871939372906	-0.0206243947573608	1.696030969623	-1.51093666897775	-0.00129917575351883	0.00100625532478772	-0.00221447990334371	0.302440143843883	0.611424389947587	2.16471522708251	0.0032789740328112	-0.0058622877613318	-0.0131305766102511	15.6487304789885	-3.8124564886887
2.821388813185e-05	0.0727808049231085	1.56586249509214	-0.0443762188712066	-0.00019429442500106	0.00107412560392105	0.000159517224488141	-0.0160241612565683	1.72150936247096	-1.47168740905507	-0.00125991882202713	0.000944467753441999	-0.00251208764551184	0.460965411728532	0.570902668287042	5.73670181334391	0.00369620404403727	-0.00542097178227338	-0.0126695304544582	15.1223974070259	-4.16997748841233
2.98073204346769e-05	0.0725442012487154	1.58340489204502	-0.0605269142907615	-0.000206856630124552	0.00108420715983729	0.000127289066933866	-0.00931019508335914	1.74662606574439	-1.40539330202731	-0.00120784274634772	0.000875475676168185	-0.00281715696367172	0.626362369861556	0.525897104627916	9.7263734217666	0.00400833139648585	-0.00475642377088346	-0.0120456881643868	14.3065911129743	-4.50082564898342
3.1195662342534e-05	0.0722796520703786	1.60121391121461	-0.0774540378271233	-0.000219276266437148	0.00109397481256134	9.10268533584552e-05	-0.00036074224265302	1.77136444908231	-1.31024522520429	-0.00114218902896037	0.000799034750812447	-0.00312880540467772	0.798292134332037	0.47607527434446	14.1511679856193	0.00419790863177687	-0.0038514553518556	-0.0112483244389716	13.1868798285783	-4.78777860693798
3.23419729766514e-05	0.0719968891906746	1.61892414031594	-0.0947848082860787	-0.000231278431415159	0.00110321815119197	5.14233324335871e-05	0.0106947708412051	1.7952251867165	-1.18727747522619	-0.00106395140733458	0.000716664117094198	-0.00343968451241388	0.972774283496337	0.422256997175991	18.9262043093427	0.00424673201969338	-0.00271489081959849	-0.0102886540605918	11.7822532568014	-5.00764348849924
3.28289856221879e-05	0.0720263824292506	1.63720674331563	-0.107280291652323	-0.000241142365390579	0.00111144670452526	8.79879442538931e-06	0.0230874518539814	1.81855020620047	-0.970564397062237	-0.00103149252585466	0.000676739501884404	-0.00367304249343158	1.09623282074425	0.369198781767807	24.3718537112229	0.000129961809352903	-0.00211002274917475	-0.0098043523883287	9.45060428707863	-5.04713759305234
3.26885032314205e-05	0.0723306812017887	1.65570212935508	-0.11569789889414	-0.000250885319504822	0.0011193186010418	-3.63999862567458e-05	0.0367735145798128	1.84103120107206	-0.678532496015922	-0.00105081533913037	0.000655819832237183	-0.00385876684730759	1.17713715660891	0.318823565650138	30.2644983780188	-0.00356199911772942	-0.00187750287258014	-0.00985678456723351	6.39723506537768	-4.89021467171512
3.20738052777293e-05	0.0727870697214116	1.67404380254238	-0.120990139749236	-0.000261081065796332	0.00112699229793337	-8.30945822160466e-05	0.0512120894449555	1.8624842714545	-0.331039472527056	-0.0010912150912343	0.000636184359272747	-0.00401359361023577	1.22577494590026	0.271743626054198	36.4946653960515	-0.00518799095560999	-0.00173098225395671	-0.0101210756966361	2.83045014628233	-4.57577335087693
3.09604367092095e-05	0.0734029074527992	1.69297607117633	-0.122499488431192	-0.000271948105543369	0.00113471857667045	-0.000132401074698453	0.0663100426038085	1.88383530868427	0.0937935527955523	-0.00114010059660886	0.000617409570435578	-0.00413199448447076	1.23579003710189	0.22764354429097	43.3979483179176	-0.00503413392626786	-0.00162690462260261	-0.0104657695150824	-1.46220679576965	-4.11376421882455
2.93566293196623e-05	0.0741590278633611	1.71212244427749	-0.119195924203861	-0.000283083433889614	0.00114227670951343	-0.000182585616724116	0.0810870657607596	1.9046917570349	0.597364050614187	-0.00118234138275784	0.000600290799435062	-0.00419834937124981	1.19748557105427	0.188772932152855	50.9348875269746	-0.00327035486856994	-0.00153076763385949	-0.0107451999531241	-6.48506564446424	-3.56107054794081
2.72630279421701e-05	0.0750439731402392	1.731478517868	-0.110191231115188	-0.000294286078894622	0.00114960321680268	-0.000232845119436033	0.0948492296762901	1.9251047161282	1.18749687562788	-0.00120345805129329	0.000585212332615185	-0.00420028907684167	1.1025878610569	0.155636006246933	59.1881505481715	-0.000119032163066161	-0.00140436417871861	-0.0108187095764378	-12.311857141701	-3.0082689402957
2.47366848910411e-05	0.0760251730356539	1.75064669305649	-0.0949789765249583	-0.000305136306514053	0.00115649727686651	-0.000281398213756215	0.106682705374156	1.9447283548546	1.85735730516088	-0.00118970212036238	0.000572785435932632	-0.00412738011422036	0.946751120650718	0.128058324692507	68.0510479487762	0.00410222453615908	-0.0012143011168067	-0.0105551983246292	-18.8738063698857	-2.60073630638375
2.16751123116378e-05	0.0771314112520166	1.77040501629645	-0.0720647730838556	-0.000315879362032644	0.00116317785559983	-0.000329436957290521	0.116388117443787	1.9644138805686	2.64198204624623	-0.00112627382637368	0.000562880794388869	-0.00396352141322785	0.715580969062929	0.102552875370966	77.9666288150964	0.0093494031984587	-0.000915250169286725	-0.00980412712212888	-26.5070674944358	-2.51839133197176
1.81255896066026e-05	0.0783323510654172	1.79035994966247	-0.040801697264284	-0.00032609085858287	0.00116943760582778	-0.000375157508871248	0.123010634915108	1.98380812097498	3.53650052273629	-0.000998570182036996	0.000556161934768549	-0.00369534989167059	0.403546776742293	0.0750504295217507	88.8449922231733	0.0153291958916927	-0.000472072684050914	-0.00842390111936113	-35.1410173065606	-3.04399189667007
1.4088750312804e-05	0.0796165386522265	1.8105070943854	-0.000301482415628973	-0.00033556984389506	0.00117521304830164	-0.000417756853794187	0.125856367850659	2.0029621609111	4.54873886970941	-0.000792112610221106	0.000553013155569441	-0.00330815646898252	0.00296509324150854	0.0379333143487468	100.768814677473	0.0218257151070277	0.000153435696349367	-0.00627405463313381	-44.797048656306	-4.53592987540514
9.76340867379805e-06	0.0808580518595666	1.83043771752044	0.050177795332577	-0.000342382210784918	0.00118055695569693	-0.000453685486944914	0.123137624687492	2.02110628802231	5.6743654942361	-0.000533622145379001	0.000559092799675171	-0.00277155762146249	-0.491668068254679	-0.0197787894365682	113.884838679568	0.0269604190725669	0.00114162037472766	-0.00364458562431468	-55.3218254791786	-7.39898587383459
5.02140965826216e-06	0.0820623381029596	1.85095724138054	0.113950043046449	-0.000346659649065809	0.00118596409416143	-0.00048274701251923	0.113675578496232	2.03872203902308	6.97270452654051	-0.00022227928294047	0.000577728249281144	-0.0020444245765449	-1.10925724061899	-0.117605850779455	128.608146701865	0.0306738941875116	0.00242402519364483	-0.000536299214645865	-67.0519577787374	-12.3676538456932
3.90747169532873e-08	0.0831279657367637	1.87164583292797	0.191695844776889	-0.000348161095627731	0.00119184011592038	-0.000501843052236161	0.0960675234905783	2.05474045247771	8.43575564503928	0.000115067915254079	0.000609995188196155	-0.00111363525923785	-1.84966977317476	-0.279513995531193	144.630349902842	0.0320359042928233	0.00379466223073147	0.00276426477437179	-79.5010759853819	-20.218877210503
-5.07416185783236e-06	0.0839710859418513	1.89246683956361	0.285017343173822	-0.00034696625996479	0.00119806450531339	-0.000508943090095701	0.0691829428046599	2.0679616998589	10.0740194878266	0.000453598976337386	0.000659427739443568	3.76415166989444e-05	-2.71634720632126	-0.539021389480517	161.903873700887	0.03095411393708	0.00550301196814212	0.00597813774542625	-92.0679665488611	-31.8972201495486
-1.00914435918699e-05	0.084480404363626	1.91301164648063	0.393567163880122	-0.000343550482720371	0.00120691061246019	-0.000500495840972883	0.031516895528542	2.07767589581866	11.8678394048234	0.000751116776303944	0.000721222286786624	0.00139926878492341	-3.68676098740494	-0.931182624768654	179.355391361979	0.02432240526621	0.00645589860349589	0.00863781096037557	-103.553876034489	-48.1333814522682
-1.5040520902108e-05	0.0845518575414052	1.93406963057471	0.523694794060607	-0.000339169328013376	0.0012188115406604	-0.000473428763068678	-0.0197580571044232	2.08213158559346	13.8900553180739	0.000940784627427689	0.000784048009078511	0.00302076844419655	-4.78360675218073	-1.52638726811333	196.93748299181	0.00947365436951656	0.00585553565302559	0.0100360148560754	-112.672350487199	-70.5788957464519
-1.96076286249214e-05	0.0840381006321194	1.95510680894048	0.6750986979117	-0.000335840839120854	0.00123125795118194	-0.000426390908694146	-0.0841332670851454	2.07750085864661	16.0925472384743	0.000926263431893984	0.00083595185189008	0.00482837080778994	-5.94799191528131	-2.38045910889778	213.675555926586	-0.0136172240469425	0.00399932123718422	0.00941599567153434	-116.556961021609	-99.469684886351
-2.3509409175619e-05	0.0828383746109469	1.9755908556204	0.845783655296813	-0.0003354992506779	0.00124169709771096	-0.000359621089468534	-0.160057254556797	2.06067914087819	18.4128445963557	0.000627468891464505	0.00086585025215449	0.00669417660916238	-7.08788616914791	-3.53030223118038	228.662208550721	-0.0443919451050496	0.0012846219930923	0.00666887175527651	-112.018135945979	-133.705600752498
-2.66975708859866e-05	0.080772615770674	1.99624336286926	1.04441733391976	-0.000340068395441429	0.00124822084165296	-0.000269070434643738	-0.250757973478563	2.02744110659116	20.9323390642967	-5.60183427539233e-05	0.000864381014138768	0.0085579899130098	-8.14565671912929	-5.07685643558349	241.899152931049	-0.0843449698846367	-0.00206996531113669	0.00240673600776318	-94.917192996898	-172.924038390351
-2.84815868976502e-05	0.0776399364808456	2.0155365269646	1.2660091365684	-0.000348487961217241	0.00122949142373161	-0.000140492205418635	-0.361233540539376	1.93311236715105	23.7133712078343	-0.00131848687895734	0.00081512928559423	0.0100122155120027	-8.94058535704945	-6.99738557690533	252.638945140675	-0.116473056856917	-0.00497962602392642	-0.00151184150192141	-62.1503029457112	-213.44161153434
-2.78880654586651e-05	0.0730952607125815	2.03111473118613	1.51073859446563	-0.000346392293341734	0.0011562117160921	2.91759852597847e-05	-0.489501962648329	1.71801368940144	26.8475685798233	-0.00285015666918613	0.000735485691576735	0.0105681217495464	-9.30797446833968	-9.25031075212593	259.280990192974	-0.0959853154850625	-0.00568165409035401	-0.000117157045453709	-10.2985137970154	-250.180734178993
-2.63411346487305e-05	0.0675670919861673	2.04591598628171	1.78618237949577	-0.0003392670332404	0.00109877956764919	0.000173599344541845	-0.602797253601414	1.54113893711963	29.7598469837673	-0.00392973723909194	0.000663861892581431	0.0106318439726493	-9.06376814896211	-11.7929698110769	260.455300122742	-0.0748271658906445	-0.00612547225305871	0.00842060060970549	63.6071032049459	-268.731189117782
-2.38640515559524e-05	0.06092837415553	2.06054848229888	2.1006397180813	-0.00032749509386797	0.00105330558848106	0.000299848803842617	-0.705984048516449	1.39232108816168	32.5576648345632	-0.00463561150821943	0.000597062165956372	0.00991758319790108	-7.96514794441687	-14.4752434761475	256.586746502297	-0.0524809680828605	-0.00635295183961728	0.0213709537586822	155.913936531451	-256.969394722898
-2.05670052225863e-05	0.0533819011363537	2.07470971425245	2.44583769885779	-0.000311859123100868	0.00101952741387322	0.000405961506461567	-0.796873295423711	1.27249728140046	35.1683856835536	-0.00497660207624658	0.000536333715615131	0.00819983592277532	-5.88651476863482	-16.8592388644671	247.983321946127	-0.0297256148091154	-0.00637686187877074	0.0341133844932308	250.871625071252	-203.472991531915
-1.65380743609422e-05	0.0450281679604763	2.08840392920129	2.81877493718883	-0.000293045325755688	0.000995870508774487	0.000493138743887021	-0.875712576666176	1.17866223967778	37.5804530590072	-0.00498770534722274	0.00048139804569503	0.005426055157126	-2.89870229272229	-18.4752832197202	235.029600189753	-0.00692286083040463	-0.00622141544144979	0.0419010636716401	327.095273622191	-104.599931942172
-1.19644348274164e-05	0.0361550498690762	2.10137517309762	3.20827732758065	-0.000272185676977674	0.00098099018917031	0.000561356086225842	-0.94152078495129	1.10902541020153	39.7403695718566	-0.00471221162579591	0.000432913762566786	0.00187490156521525	0.605856901413392	-18.8818961060293	218.484295036106	0.0151162349072563	-0.0059183782760154	0.0415549766721121	360.219520652077	28.583820468114
-6.74616480748951e-06	0.0264993605952894	2.11415715448912	3.62728600706266	-0.000249104166091443	0.000972728776018946	0.000614582982001261	-0.997229843913398	1.05778407749175	41.7249711416546	-0.00417335550355868	0.000388626899647024	-0.00211504861928752	4.22314185639597	-17.810361184196	198.051124047109	0.0369254700016624	-0.00547922695865237	0.0327889469552069	331.734620559267	180.151248845307
-1.05849513723509e-06	0.0163358993479096	2.12648475667844	4.0650895891273	-0.000224889910023342	0.000969896203636429	0.000652454009319198	-1.04162632343025	1.0235754765044	43.4764666776	-0.00340890375303829	0.000349303019392425	-0.00574385512476634	7.18080227164065	-15.2383419231036	174.413679920654	0.0576736241066126	-0.00493287790954095	0.0187971166468678	232.503773480605	314.842744620487
5.01051650072104e-06	0.00576514023956088	2.13836217795148	4.51868771543213	-0.000200229228981049	0.000970917985216374	0.000676169182392842	-1.07495664130821	1.00339516008156	44.9832698686074	-0.00245384009862354	0.000314664077251874	-0.00818916533042059	8.79004263474608	-11.5342620901658	147.956316788913	0.0769783311443688	-0.00430354083456329	0.00541081487526044	73.3277706239512	396.235615108637
1.12431629676221e-05	-0.00489242935706713	2.14956946427792	4.97564200289023	-0.000176290089765508	0.000974140553631847	0.000686836542258178	-1.09712468914165	0.994329533094531	46.2114449196266	-0.00136671189017362	0.000284993934672115	-0.00879432077729176	8.60793772132506	-7.49009245643925	119.663404650533	0.0941236511635362	-0.00362962789084452	-0.00144373296215781	-111.29781276052	396.682527890726
1.78072522820904e-05	-0.0159730160172119	2.16056815803707	5.45165361091248	-0.000152770384299985	0.000978147096222827	0.000686070907269452	-1.10927698242745	0.993054406176862	47.199711052243	-0.000137543133201447	0.000258808378039492	-0.00732648964688827	6.55652580553862	-3.8321366611693	88.7579905363114	0.10942349446658	-0.00290743875987077	0.000908281780584041	-285.220609735103	306.669639060163
2.44901236662028e-05	-0.0271613303718663	2.17112936840278	5.93451248801784	-0.00013084959171056	0.000981314607884834	0.000674731201456563	-1.11110200972185	0.996848838686964	47.9088607303767	0.00117791097173667	0.000236477272509705	-0.00404677154432025	3.01713768275521	-1.51032731052091	56.1791589970736	0.122111707982274	-0.00217443813280432	0.0109216806239686	-399.013789928723	140.73516874078
3.10696842981583e-05	-0.0381335355497051	2.18105904839209	6.41146418620979	-0.000111579614016042	0.000982087427664512	0.00065451817227717	-1.10311073769607	1.00258908802754	48.3219216278771	0.00251703412640653	0.000218063570262746	0.000131633602217396	-1.12465661957628	-1.09086779309462	22.9991550468669	0.131625965032819	-0.00146894389444564	0.0221323505415125	-420.81900554306	-58.270125572526
3.77278478811476e-05	-0.0492386167251066	2.19076656521276	6.89902444129993	-9.48495212668108e-05	0.000978947576620035	0.000625786317372996	-1.08521813336685	1.00755351319091	48.4443150316504	0.00390006911547433	0.000202542579654077	0.00427146365530164	-5.05550994608958	-2.66587528339134	-11.7582931068418	0.137954997035429	-0.000785983106919753	0.0270085582903941	-343.869538374566	-248.051695907031
4.42422778035963e-05	-0.0601519053297654	2.20004928637702	7.38448624503209	-8.17633799027186e-05	0.0009702760467889	0.000590061413889504	-1.05773685733422	1.00863029769702	48.2531684407165	0.00526508113899869	0.00019004575448028	0.00721754821360845	-7.77087159734365	-5.86759235973175	-47.0428704568777	0.140464411392973	-0.000164375598522084	0.0191438688131468	-186.906715799987	-376.657076847742
5.05248953531936e-05	-0.0707729063318424	2.20891145894374	7.86484821276979	-7.30073947403627e-05	0.000954498303119924	0.000548544753315023	-1.02091449194116	1.00281416438769	47.7369253833444	0.00657707379293013	0.000180294598878678	0.00828835145399613	-8.67624951627526	-9.90428490294737	-82.4700033349256	0.138741203237029	0.000371665559816784	-0.00249951426111997	8.10571468637031	-414.138356421481
5.63719988409338e-05	-0.0808009712222308	2.2171923905873	8.32776056409966	-6.92899883758678e-05	0.00093062239593063	0.000503396370009145	-0.976002857272698	0.987528252965757	46.9043985813222	0.00777763805393789	0.000173134315235879	0.00742963624544201	-7.68994322542825	-13.7528592517209	-116.956163934368	0.132543953236829	0.000790610488466413	-0.0323211757065537	188.028513477725	-359.107337569808
6.19356860938979e-05	-0.0905466530805913	2.225234344256	8.78916747028484	-7.11332610095766e-05	0.000896127053031149	0.000453955950070986	-0.92141426516958	0.959194992530928	45.710312965127	0.00888137546411119	0.000167998214163302	0.00507198249536864	-5.11006544462488	-16.736621614657	-151.530764525425	0.121208659077776	0.00108576820743781	-0.0626221640432972	318.595498364625	-230.902322468828
6.70050293855633e-05	-0.0997005056453383	2.23286838607819	9.23652861521223	-7.93521544704133e-05	0.000849832209866621	0.000402303938337597	-0.858222024754565	0.915011194965403	44.1566699383807	0.00982778357551266	0.000164777863833908	0.00203213431254564	-1.60469419437742	-18.2333746716382	-185.101701586838	0.10439233287874	0.0012231878236474	-0.0832720708892003	372.543093681331	-67.735122074359
7.14918726713745e-05	-0.10816194300143	2.24009872569036	9.66684024589593	-9.46337166526693e-05	0.000790161666605937	0.000349641827599335	-0.786672983262758	0.851969041407612	42.2318747944862	0.0105818389832722	0.000163194855444699	-0.000833276597427689	2.04796818515444	-18.1046065532505	-217.284173857781	0.0816713759169249	0.00117863292553383	-0.0878120850751552	349.573417173718	89.4193041374446
7.52390557181045e-05	-0.1156856420708	2.24679695442151	10.0691146475861	-0.000117121902483181	0.000717192377714157	0.000298210940380323	-0.7086873142522	0.768998378607915	39.9744142691085	0.0111004990080229	0.000162963342558471	-0.00287079540700616	5.11453414688729	-16.6175219238327	-247.105516130765	0.0532685358636761	0.000935114724229508	-0.0754393639561997	270.414594322387	206.729378485587
7.83127673170481e-05	-0.122479700086888	2.25324057497771	10.4568153263959	-0.000148410962733792	0.000626394555841317	0.000247093715769927	-0.621323998355401	0.659752636541312	37.2807109429458	0.0113704690567174	0.000163800183829924	-0.00391685959857636	7.28470237668458	-14.1643870646749	-275.404329220586	0.0176057308934247	0.000458839914887017	-0.0494725418566814	160.043113528936	272.948677222343
8.05415039929705e-05	-0.128281869688378	2.25929318674906	10.8185221116276	-0.000188807367485845	0.000517529168137874	0.000198547016533995	-0.526342538154702	0.522692712924094	34.1814425401085	0.0113437936113849	0.000165444148731219	-0.00402893524110881	8.32860490523912	-11.300201758494	-301.168546993138	-0.0252260604002473	-0.00027156257708057	-0.017102048395384	48.4971009008671	285.120380309309
8.18372329980148e-05	-0.132991709975144	2.26495906079077	11.1512350149662	-0.00023899681019914	0.000389022681088954	0.000153772050874434	-0.423990993507388	0.354814837197553	30.6650765115606	0.0109854921578793	0.000167616675525577	-0.00355499214788822	8.33471108390587	-8.5020314857242	-324.013726352122	-0.0756499942938278	-0.00128029186078476	0.0139313741331605	-42.3590574417841	255.231482970146
8.21168274021551e-05	-0.136450571699303	2.27014045242869	11.4462671106076	-0.00029834631337061	0.000242510392600406	0.000114710374766178	-0.316773808407119	0.157494287190394	26.8031800119752	0.0102788383448632	0.000169990164512406	-0.00293051263959765	7.5746716434194	-6.14454178614359	-343.198887391432	-0.132838974449444	-0.00256225292745008	0.0371099173429395	-100.109250410895	202.123641918468
8.24867042015879e-05	-0.138797602151068	2.27227155780257	11.6991760107342	-0.000273828940142732	0.000147919533491159	8.26475738078666e-05	-0.224100261642956	0.0622818076334661	22.6465849702685	0.00879638806271399	0.000145303330755126	-0.00243393170028775	6.40081219489379	-4.37914055418956	-346.346086335554	-0.149460791675311	-0.00323798292080315	0.0473945873578037	-124.443922682306	143.723314011298
8.31415782702036e-05	-0.140572940475627	2.27274123847818	11.9075143345988	-0.000209490745665395	9.98249039475736e-05	5.73366606421428e-05	-0.15550514374635	0.040653581613304	18.8517878646765	0.00720698869703913	0.000109617967914894	-0.00189920378169101	5.12759172790729	-3.18754803127014	-334.284863173678	-0.138975203520007	-0.00318905190332639	0.0475650614261331	-125.922848576275	95.2722859249059
8.36294777954505e-05	-0.141896745920596	2.27307931775058	12.077843299772	-0.000156648375406609	6.27112710713427e-05	3.75686616185651e-05	-0.101958639170443	0.0240911712976252	15.5008813775707	0.00582839649606307	7.8617828217811e-05	-0.00140226668333311	3.92306908464529	-2.4288444694726	-314.656024475987	-0.126853841302659	-0.0030197466466559	0.0429814736253462	-115.168654414848	59.3919569239243
8.39886550101487e-05	-0.142872608516439	2.27331496935587	12.2201462389432	-0.000112252511284865	3.39607908385647e-05	2.20009888814237e-05	-0.0598166097533155	0.0114016511482276	12.4452153363305	0.00459503132408705	5.09543408436161e-05	-0.000977202436512206	2.83148440165127	-1.96124033614155	-288.127898721083	-0.113069541032793	-0.0027444847430094	0.0360899916444088	-98.1691062460086	33.8812805918891
8.42262850960024e-05	-0.143519808908991	2.27345572709927	12.3336928513884	-7.65755963804408e-05	1.33082154037661e-05	1.05421018944666e-05	-0.0288238823122228	0.00244313248234726	9.74482400464971	0.00352736128670998	2.72158705626924e-05	-0.000646293098363021	1.92089985265636	-1.70390122407722	-256.520243155202	-0.0983196636994665	-0.00238723678790366	0.0286396791416432	-79.2862141569077	17.4793997314481
8.43610197872173e-05	-0.143888752196824	2.27351722837912	12.4215664361104	-4.87097745245273e-05	-3.68357514065483e-07	2.64708373513016e-06	-0.00749688158502167	-0.00331014869118199	7.38761590994444	0.00261591233701339	7.31761487698948e-06	-0.000400532677491486	1.20041806883222	-1.57808219491752	-221.327542699921	-0.0830639414757574	-0.00196969362704225	0.0215783051005803	-60.9734323384621	7.77660811468278
8.4411204731875e-05	-0.144028925298224	2.27351567438486	12.4857456914299	-2.81047722116461e-05	-8.0844069593711e-06	-2.15747666876972e-06	0.00545553620151996	-0.00634529857994674	5.39886128999237	0.00186513015326447	-8.5385587896195e-06	-0.000227358524812242	0.66920028533617	-1.5278260533634	-184.800757133748	-0.068058825152232	-0.00152290676371226	0.0154786978852522	-44.7898102233282	2.67849126827052
8.4397232536396e-05	-0.143995623687687	2.27346638112722	12.5318828452143	-1.30266154064343e-05	-1.12582983541605e-05	-4.60363003000003e-06	0.0120211921551731	-0.00730330408004446	3.68548801167772	0.0012350503222043	-2.10833230090621e-05	-0.000104842833617378	0.286214269575799	-1.51428266491397	-146.918737172065	-0.0531306042135313	-0.00104997188744113	0.0102614262504709	-30.6004206141692	0.282297065761216
8.43359472292234e-05	-0.143834272474169	2.27338443105426	12.5615350918701	-3.05417654599902e-06	-1.0799451190786e-05	-5.10976201943285e-06	0.013342162690878	-0.00662284746972144	2.27926943849486	0.000732960413849169	-3.00405342117347e-05	-2.48966572585488e-05	0.0401036255420713	-1.51651924597909	-109.905316242341	-0.0390265969467795	-0.000581381546382566	0.00608184788043826	-18.9060573045969	-0.524878165722776
8.42460011526113e-05	-0.143595278395237	2.2732854622306	12.5777856374978	2.72036756141109e-06	-7.82978675764165e-06	-4.22079487198987e-06	0.0109020383636916	-0.00482970307585327	1.16811987623844	0.000349388393308287	-3.5494922369552e-05	2.18038140533978e-05	-0.094604003114861	-1.52268488006057	-75.2551320251456	-0.0261814926095586	-0.000138828618746806	0.0028908960053453	-9.67520708249633	-0.580958790922436
8.41480242167779e-05	-0.143334316495604	2.27318703248892	12.5836809870909	5.18176270587764e-06	-3.56486812690307e-06	-2.52130915249551e-06	0.00629166932905595	-0.0024996474290418	0.353802414938332	7.93377680138573e-05	-3.75236748829674e-05	4.24054480258814e-05	-0.143382939796888	-1.52776251958231	-45.0309602792307	-0.0152286601127856	0.000248708460046572	0.000649967389378438	-2.92436998002432	-0.391857263228853
8.40563598520325e-05	-0.143090304645705	2.27310050266962	12.5824936358666	5.32317787579709e-06	1.06610993337475e-06	-4.77800399467871e-07	0.000781801997812794	-5.46121743004419e-05	-0.208801519055463	-9.7527192865535e-05	-3.62928740607936e-05	4.42134999835202e-05	-0.13349584699976	-1.53088933287262	-19.469034096095	-0.00613914016945026	0.000575714198621865	-0.000813491172818877	1.73233765426276	-0.198290424919088
8.39916191908043e-05	-0.142918863360359	2.27304355521797	12.5770935185474	3.97232632139529e-06	4.86446849537013e-06	1.33686693356841e-06	-0.00406786736625257	0.00193625783716272	-0.512380828292041	-0.000184111970716215	-3.18120977974037e-05	3.33128006960088e-05	-0.0887624769244652	-1.53247802357693	-0.723920782144259	0.000424317353825264	0.000812043335374669	-0.00152734358881503	4.24265305285413	-0.0859611903836955
8.39724539672988e-05	-0.14287039773814	2.27303182753232	12.5705639341359	2.03706421147913e-06	6.70830527807135e-06	2.3777759240497e-06	-0.00677376350099742	0.00294719861418185	-0.569026985355192	-0.000189890612456622	-2.41661485908474e-05	1.70931080609349e-05	-0.0347072829498723	-1.53324518975952	9.70989472279032	0.00404435473566675	0.000936005024601407	-0.00157264085545369	4.70994876811233	-0.0403292335332024
8.40158669884427e-05	-0.142990795842484	2.27307927907385	12.5660407495102	4.48477152287192e-07	5.53765485750731e-06	2.12195914372955e-06	-0.00591573759220741	0.00248043942403576	-0.396612181880738	-0.000126284219870816	-1.36839080122e-05	3.69674181645469e-06	0.00273015546571853	-1.5334123162261	10.4308049549487	0.00433704539084023	0.000927559943513094	-0.00104517213350755	3.28259027547456	-0.0169204000452834
8.4141969490062e-05	-0.14333453259009	2.27320322176692	12.5663713749586	3.44963808417376e-08	2.01592877451306e-07	0	0	0	0	0	0	2.85534269616665e-07	-6.29562399704239e-06	-1.53281284307272	-0.00100801757051727	0.000909950946642593	0.000765038545760726	-1.36968837855458e-07	1.8443191003171e-06	-3.38859255757643e-07
